id,title,description,link,image_link,additional_image_link,price,sale_price,availability,condition,brand,item_group_id,product_type,google_product_category
2038710,Kit Cuida el Sueño | Bénet,Ahorra 20% Un kit para crear un momento perfecto a la hora de descansar y despertar renovado. Contiene: Gomitas Citrato de Magnesio Agua de linos de lavanda Aceite esencial de lavanda 100% Puro El valor es el total a pagar por el ritual completo.,https://www.benet.com.co/kit-cuida-el-sueno/p?skuId=2038710,https://cnutresa.vteximg.com.br/arquivos/ids/166573-1000-1500/Haka_Ritual-Sueno.jpg?v=639178462471100000,,115698 COP,92559 COP,in stock,new,Bénet,2038710,Bienestar > Poder Natural,
2038709,Ritual Sueño Reparador,Ahorra 20% Un ritual para crear un momento perfecto a la hora de descansar y despertar renovado. Contiene: Gomitas Citrato de Magnesio Agua de linos de lavanda Aceite esencial de lavanda 100% Puro El valor es el total a pagar por el ritual completo.,https://www.benet.com.co/ritual-sueno-reparador/p?skuId=2038709,https://cnutresa.vteximg.com.br/arquivos/ids/166574-1000-1500/Haka_Ritual-Sueno.jpg?v=639178462993930000,,115698 COP,92559 COP,in stock,new,Haka,2038709,Bienestar > Poder Natural,
2038702,Kit Niños Sanos y Fuertes | Bénet - Kit Bénet Niños Sanos,El kit perfecto para cuidar la salud de los niños Acompaña la nutrición y las defensas diarias de tus hijos con este kit que combina el poder de la vitamina C y el propóleo. Ideal para integrarse a su rutina de bienestar de forma práctica y deliciosa. Consulta la composición y el modo de uso de cada referencia en su empaque. Contiene: 1 tarro de gomitas de Vitamina C 1 tarro de gomitas de Propóleo Cómpralos juntos y ahorra!,https://www.benet.com.co/kit-benet-ninos-sanos/p?skuId=2038702,https://cnutresa.vteximg.com.br/arquivos/ids/166572-1000-1500/Benet_Kit_Ninos-sanos.jpg?v=639178462036300000,,89800 COP,76330 COP,in stock,new,Bénet,2038702,Bienestar > Nutrición,
2038700,Ritual Enfoque,Ahorra 20% Favorece la claridad mental y la concentración. Contiene: 1 Aceite Esencial de Eucalipto 10 ml 1 Agua Linos Aire Puro 200 ml,https://www.benet.com.co/ritual-enfoque-1/p?skuId=2038700,https://cnutresa.vteximg.com.br/arquivos/ids/166576-1000-1500/Haka_Ritual_Enfoque.jpg?v=639178463564970000,,69800 COP,55840 COP,in stock,new,Haka,2038700,Bienestar > Poder Natural,
1055496,Bebida en polvo Benét Vainilla | Bénet - 400 gr,"Alimento en polvo sabor vainilla para toda la familia. Su mezcla de proteína, fibra, vitaminas y minerales se prepara fácilmente con agua. Así complementa la alimentación cotidiana de forma práctica.",https://www.benet.com.co/bebida-benet-vainilla-1068442/p?skuId=1055496,https://cnutresa.vteximg.com.br/arquivos/ids/166718-1000-1500/Bebida-en-polvo-Benet-Vainilla-1-.jpg?v=639256257636970000,"https://cnutresa.vteximg.com.br/arquivos/ids/166719-1000-1500/Bebida-en-polvo-Benet-Vainilla.jpg?v=639202629056930000,https://cnutresa.vteximg.com.br/arquivos/ids/166720-1000-1500/1068442-7708662913661Alimento-en-polvo-Benet-Vainilla-sin-Azucar.jpg?v=639202629057270000",72901 COP,,in stock,new,Bénet,1055496,Bienestar > Nutrición > Nutrición Completa,
1053265,Proteína Líquida Vainilla Banano | Bénet - 250 ml,"Bebida proteica lista para consumir sabor vainilla banano para mayores de 13 años. Aporta 15 gramos de proteína por porción y está enriquecida con vitaminas del complejo B para apoyar el rendimiento muscular, combatir la fatiga y mantener tu energía alta en cualquier momento. La opción ideal para llevar tu nutrición a todas partes sin perder tiempo preparando batidos.",https://www.benet.com.co/bebida-lista-benet-vainilla-banano-1064828/p?skuId=1053265,https://cnutresa.vteximg.com.br/arquivos/ids/166745-1000-1500/Proteina-Liquida-Vainilla-Banano.webp?v=639202671979800000,https://cnutresa.vteximg.com.br/arquivos/ids/166746-1000-1500/Proteina-liquida-Benet-Active-Vainilla-Banano--.jpg?v=639202671979870000,10800 COP,,in stock,new,Bénet,1053265,Bienestar > Nutrición > Proteínas,
371,Proteina Bénet  Vainilla | Bénet - 160  gr,Proteína en polvo sabor vainilla para mayores de 13 años . Su combinación de proteína y vitaminas del complejo B ofrece una preparación práctica para todos los días. Es fácil de preparar. RSA: 0025824-2023,https://www.benet.com.co/proteina-benet-active-vainilla-1068389/p?skuId=371,https://cnutresa.vteximg.com.br/arquivos/ids/166736-1000-1500/Proteina-Benet-Vainilla.webp?v=639256262554500000,https://cnutresa.vteximg.com.br/arquivos/ids/166737-1000-1500/7708662913470-Proteina-Benet-Active-Vainilla.jpg?v=639202661405100000,48901 COP,,in stock,new,Bénet,371,Bienestar > Nutrición > Proteínas,
11,Gomas Propóleo Niños - 120 gr,Disfruta del extracto de propóleo en una presentación práctica y deliciosa para los más pequeños. Producto para niños entre 4 a 14 años.,https://www.benet.com.co/gomas-propoleo-benet-kids-2015326/p?skuId=11,https://cnutresa.vteximg.com.br/arquivos/ids/166726-1000-1500/Gomas Propoleo Ninos.webp?v=639202640953900000,https://cnutresa.vteximg.com.br/arquivos/ids/166727-1000-1500/2015326-7709362280527_Gomas-Propoleo-Benet-KidsTN.png.png?v=639202640954170000,44900 COP,,in stock,new,Bénet,11,Bienestar > Nutrición > Niños,
8,Cápsulas Vitamina E + Selenio | Bénet - 30 unidades,"Suplemento en cápsulas para adultos que combina vitamina E y selenio . Su principal ventaja es integrarse perfectamente como el complemento ideal en tu rutina de belleza diaria, apoyando un cuidado consciente desde el interior. RSA: SD2024-0001726-R1",https://www.benet.com.co/vitaminas-e-y-selenio-1080836/p?skuId=8,https://cnutresa.vteximg.com.br/arquivos/ids/166887-1000-1500/1080836-7709453859946_Capsulas-Vitamina-E---Selenio.png?v=639246578981770000,https://cnutresa.vteximg.com.br/arquivos/ids/166888-1000-1500/1080836-7709453859946_Capsulas-Vitamina-E---Selenio--.png?v=639246578981970000,34900 COP,,in stock,new,Bénet,8,Bienestar > Nutrición > Vitaminas y minerales,
2038707,Kit Adiós Virus Familia | Bénet,El kit perfecto para cuidar a toda la familia Kit familiar con gomas de vitamina C y zinc en versiones para adultos y niños. Una alternativa práctica para acompañar las defensas de cada integrante según su edad. Contiene: 1 tarro de gomitas de Vitamina C para adultos 1 tarro de gomitas de Vitamina C para niños Cómpralos juntos y ahorra!,https://www.benet.com.co/kit-adios-virus/p?skuId=2038707,https://cnutresa.vteximg.com.br/arquivos/ids/166570-1000-1500/Benet_Kit_Familia.jpg?v=639178461478170000,,88799 COP,75479 COP,in stock,new,Bénet,2038707,Bienestar > Nutrición,
2038719,Combo Todo Vinagre de Manzana: Vinagre + Gomas | Bénet,"¡Ahorra un 15% comprando este combo! Descripción del kit: El Combo Rutina Vinagre de Manzana es el aliado ideal para acompañar tus hábitos diarios y complementar tu estilo de vida en el día a día. Unimos los beneficios del Vinagre de Manzana en su versión líquida tradicional con la practicidad y delicioso sabor de las gomas, permitiéndote mantener tu rutina fácilmente sin importar dónde te encuentres. Este combo contiene: 1 Frasco de Vinagre de Manzana Bénet x 500ml 1 Tarro de Gomas Bénet Vinagre de Manzana x 144g (60 gomas)",https://www.benet.com.co/combo-todo-vinagre-de-manzana-vinagre-gomas-%7C-benet/p?skuId=2038719,https://cnutresa.vteximg.com.br/arquivos/ids/166948-1000-1500/Haka_Ritual-Todo-Vinagre-Manzana-DTO.jpg?v=639268107099400000,https://cnutresa.vteximg.com.br/arquivos/ids/166949-1000-1500/Haka_Ritual-Todo-Vinagre-Manzana.jpg?v=639268107099700000,73801 COP,62730 COP,in stock,new,Bénet,2038719,Bienestar > Nutrición,
1053917,Bebida en polvo Benét Vainilla | Bénet - 250 gr,"Alimento en polvo sabor vainilla para adultos y toda la familia. Su mezcla de proteína, fibra, vitaminas y minerales se prepara fácilmente con agua. Así complementa la alimentación cotidiana de forma práctica.",https://www.benet.com.co/bebida-en-polvo-benet-vainilla-1068444/p?skuId=1053917,https://cnutresa.vteximg.com.br/arquivos/ids/164586-1000-1500/1068444-7708662913098_Bebida-en-polvo-Benet-Vainilla.png.png?v=639071929170970000,,45901 COP,,in stock,new,Bénet,1053917,Bienestar > Nutrición > Nutrición Completa,
595,Combo Todo Vinagre de Manzana: Vinagre + Gomas | Haka,"¡Ahorra un 15% comprando este combo! Descripción del kit: El Combo Rutina Vinagre de Manzana es el aliado ideal para acompañar tus hábitos diarios y complementar tu estilo de vida en el día a día. Unimos los beneficios del Vinagre de Manzana en su versión líquida tradicional con la practicidad y delicioso sabor de las gomas, permitiéndote mantener tu rutina fácilmente sin importar dónde te encuentres. Este combo contiene: 1 Frasco de Vinagre de Manzana Bénet x 500ml 1 Tarro de Gomas Bénet Vinagre de Manzana x 144g (60 gomas)",https://www.benet.com.co/todo-vinagre-de-manzana/p?skuId=595,https://cnutresa.vteximg.com.br/arquivos/ids/166946-1000-1500/Haka_Ritual-Todo-Vinagre-Manzana-DTO.jpg?v=639268049160070000,https://cnutresa.vteximg.com.br/arquivos/ids/166947-1000-1500/Haka_Ritual-Todo-Vinagre-Manzana.jpg?v=639268049160270000,73801 COP,62730 COP,in stock,new,Haka,595,Bienestar > Nutrición,
558,Combo Pro Max: Proteína Whey + Creatina Monohidrato | Bénet,"¡Ahorra un 25% de descuento comprando este combo! Descripción del combo: El combo Pro Max es la combinación perfecta para deportistas y personas activas que buscan llevar su entrenamiento al siguiente nivel, aumentar su masa muscular y optimizar su recuperación. Unimos la potencia de la proteína de suero con la creatina monohidratada para ofrecerte un plan de nutrición deportiva completo y de máxima efectividad. Este combo contiene: 1 Tarro de Proteína en Polvo Bénet Whey x 400g 1 Tarro de Creatina Monohidrato Bénet x 300g",https://www.benet.com.co/combo-pro-max/p?skuId=558,https://cnutresa.vteximg.com.br/arquivos/ids/166942-1000-1500/Benet_Combo-Pro-Max-DTO.jpg?v=639268047612570000,https://cnutresa.vteximg.com.br/arquivos/ids/166943-1000-1500/Benet_Combo-Pro-Max.jpg?v=639268047612770000,238801 COP,179101 COP,in stock,new,Bénet,558,Bienestar > Nutrición,
556,Combo Niños Grandes: Kola Granulada + Gomas Kids | Bénet,"¡Ahorra un 20% comprando este combo! El Combo Niños Grandes es la solución ideal para cuidar el crecimiento y desarrollo de tus hijos sin complicaciones. Hemos reunido los tres aliados perfectos para crecer fuertes, activos, protegidos ¡y con un delicioso sabor que les encantará! Este combo contiene: 1 Kola Granulada sabor a Fresa Bénet x 300g 1 Tarro de gomas Bénet Kids Multivitamínico Sin Azúcar (15 gomas) 1 Tarro de gomas Bénet Kids Vitamina C + Zinc Sin Azúcar x 120g (48 gomas)",https://www.benet.com.co/combo-ninos-grandes/p?skuId=556,https://cnutresa.vteximg.com.br/arquivos/ids/166944-1000-1500/Benet_Combo-Ninos-Grandes-DTO.jpg?v=639268048313100000,https://cnutresa.vteximg.com.br/arquivos/ids/166945-1000-1500/Benet_Combo-Ninos-Grandes.jpg?v=639268048317070000,108699 COP,86959 COP,in stock,new,Bénet,556,Bienestar > Nutrición,
2038714,Kit Gomas Total | Bénet,"El Kit Gomas Total es la solución definitiva para quienes buscan cuidar su salud sin complicaciones, sin pastillas difíciles de tragar y con todo el sabor. Hemos reunido los tres pilares fundamentales que tu cuerpo necesita para rendir, lucir y descansar al máximo en un solo paquete. Este combo contiene: 1 tarro de gomitas de Citrato de Magnesio 144 gr 1 tarro de gomas de Vinagre de Manzana 144 gr 1 tarro de gomas de Colágeno 150 gr (60 gomas) 1 tarro de gomas de Vitamina C + Zinc 150 gr (60 gomas)",https://www.benet.com.co/kit-gomas-total/p?skuId=2038714,https://cnutresa.vteximg.com.br/arquivos/ids/166832-1000-1500/Benet_Kit-Gomas-total_1080x1080--1-.jpg?v=639227410250670000,"https://cnutresa.vteximg.com.br/arquivos/ids/166833-1000-1500/Benet_Beneficios-GomasVitaminaC.jpg?v=639227410250930000,https://cnutresa.vteximg.com.br/arquivos/ids/166834-1000-1500/Benet_Beneficios-Gomas_cuadrado_Magnesio.png?v=639227410251000000,https://cnutresa.vteximg.com.br/arquivos/ids/166835-1000-1500/Benet_Beneficios-Gomas_cuadrado_Vinagre-manzana.jpg?v=639227410251100000",195603 COP,166262 COP,in stock,new,Bénet,2038714,Bienestar > Nutrición,
2037218,Gomas citrato de Magnesio + Selenio sabor a mora | Bénet - 144 gr,Disfruta del Citrato de Magnesio en una presentación práctica y deliciosa sabor natural a mora. Gomas de citrato de magnesio y selenio para adultos que buscan complementar su bienestar diario. Su formato masticable y sabor a mora hacen más sencilla la rutina. Ideal para el uso diario. Esta fórmula es excelente fuente de Magnesio y Selenio.,https://www.benet.com.co/gomas-benet-magnesio-2037218/p?skuId=2037218,https://cnutresa.vteximg.com.br/arquivos/ids/166837-1000-1500/Gomas-Benet-Magnesio.webp?v=639227410643330000,"https://cnutresa.vteximg.com.br/arquivos/ids/166838-1000-1500/Benet_Beneficios-GomasMagnesio.jpg?v=639227410643770000,https://cnutresa.vteximg.com.br/arquivos/ids/166839-1000-1500/2037218-7708662913388-Gomas-Benet-Magnesio.png?v=639227410644070000",48901 COP,39120 COP,in stock,new,Bénet,2037218,Bienestar > Nutrición > Vitaminas y minerales,
12,Cápsulas colágeno Hidrolizado + Biotina + Vitamina C | Bénet - 60 unidades,"Suplemento en cápsulas para adultos que combina colágeno hidrolizado, biotina y vitamina C. Su fórmula práctica acompaña el cuidado diario de la piel. Así complementa una rutina consciente. RSA: SD2018-0004321",https://www.benet.com.co/capsulas-benet-colageno-hidrolizado-2019772/p?skuId=12,https://cnutresa.vteximg.com.br/arquivos/ids/166753-1000-1500/Capsulas-Colageno-Hidrolizado---Biotina---Vitamina-C.webp?v=639246947060000000,https://cnutresa.vteximg.com.br/arquivos/ids/166754-1000-1500/Capsulas-Benet-Colageno-Hidrolizado--.jpg?v=639202676254470000,40900 COP,,in stock,new,Bénet,12,Bienestar > Nutrición > Vitaminas y minerales,
2037217,Gomas vinagre de Manzana + Vitamina B6 | Bénet - 144 gr,Gomas de vinagre de manzana con vitamina B6 y ácido fólico para adultos . Su presentación masticable permite incorporarlas con facilidad a la rutina y acompañar tus hábitos de bienestar.,https://www.benet.com.co/gomas-benet-vinagre-manzana-2037217/p?skuId=2037217,https://cnutresa.vteximg.com.br/arquivos/ids/166846-1000-1500/Gomas-Benet-Vinagre-Manzana.webp?v=639227411875630000,"https://cnutresa.vteximg.com.br/arquivos/ids/166847-1000-1500/Benet_Beneficios-GomasManzana.jpg?v=639227411876700000,https://cnutresa.vteximg.com.br/arquivos/ids/166848-1000-1500/2037217-7708662913029-Gomas-Benet-Vinagre-Manzana-.png?v=639227411877230000",48901 COP,,in stock,new,Bénet,2037217,Bienestar > Nutrición > Vitaminas y minerales,
722,Tabletas de Alcachofa - 60 Tabletas,"Colerético, colagogo. Alivio sintomático de la dispepsia y disfunciones hepatobiliares menores. Cada tableta contiene hojas secas y pulverizadas de Alcachofa (Cyanara Scolymus L.) Registro Sanitario: PFT2022-0002840 Beneficios 1. Mejora el metabolismo de las grasas y el funcionamiento a nivel digestivo. 2. Empleada para activar la vesícula, proteger el hígado, disminuir el colesterol en la sangre y facilitar la digestión.",https://www.benet.com.co/tabletas-de-alcachofa-1089228/p?skuId=722,https://cnutresa.vteximg.com.br/arquivos/ids/165403-1000-1500/7702007073829_Tabletas-Alcachofa.jpg?v=638875861158330000,"https://cnutresa.vteximg.com.br/arquivos/ids/165404-1000-1500/1000_1-Tabletas-de-Alcachofa.jpg?v=639069600830300000,https://cnutresa.vteximg.com.br/arquivos/ids/165405-1000-1500/1000_2-Tabletas-de-Alcachofa.jpg?v=639069600830430000,https://cnutresa.vteximg.com.br/arquivos/ids/165406-1000-1500/1000_3-Tabletas-de-Alcachofa.jpg?v=639069600830470000",30200 COP,,in stock,new,Haka,722,Bienestar > Poder Natural > Medicina Natural,
709,Vinagre de Sidra de Manzana Haka - 500 ml,"Nuestro Vinagre de Manzana es: 100% Natural Sin filtrar Sin pasteurizar Sin saborizantes Con la Madre Se puede ver a La Madre como una sustancia turbia que flota en las botellas de vinagre, la Madre es rica en proteínas naturales y pectinas y contiene bacterias y levaduras saludables, esta se forma naturalmente a medida que el vinagre orgánico crudo se fermenta, produciendo un vinagre turbio y parduzco. Registro Sanitario: NSA-0016894-2024",https://www.benet.com.co/vinagre-de-manzana-2033332/p?skuId=709,https://cnutresa.vteximg.com.br/arquivos/ids/166585-1000-1500/37.jpg?v=639198993010070000,"https://cnutresa.vteximg.com.br/arquivos/ids/166586-1000-1500/1000_1-Vinagre-de-Manzana.jpg?v=639198993010300000,https://cnutresa.vteximg.com.br/arquivos/ids/166587-1000-1500/1000_2-Vinagre-de-Manzana-version-2.jpg?v=639198993010400000,https://cnutresa.vteximg.com.br/arquivos/ids/166588-1000-1500/1000_2-Vinagre-de-Manzana-version1.jpg?v=639198993010500000",24899 COP,19919 COP,in stock,new,Haka,709,Bienestar > Poder Natural > Alimentos,
708,Gomas con Melena de León y Reishi - 144 gr,Gomitas con Melena de León y Betaglucanos de Ganoderma (Reishi). Sabor natural a frutos rojos Buena fuente de Magnesio que contribuye al funcionamiento normal del sistema nervioso Excelente fuente de Zinc que contribuye a la función cognitiva normal 3 gomitas = 1 porción. 48 gomitas por envase Registro Sanitario: RSA-0583-2026,https://www.benet.com.co/gomas-con-melena-de-leon-1083428/p?skuId=708,https://cnutresa.vteximg.com.br/arquivos/ids/166501-1000-1500/1083428-7702007089547_Gomas-con-Melena-de-Leon-.png?v=639138732279230000,"https://cnutresa.vteximg.com.br/arquivos/ids/166502-1000-1500/1083428-7702007089547_Gomas-con-Melena-de-Leon.png?v=639138732279470000,https://cnutresa.vteximg.com.br/arquivos/ids/166503-1000-1500/Haka_Melena_de_Leon_Gomas_1x1_1080x1080.png?v=639138732279600000",44991 COP,35993 COP,in stock,new,Haka,708,Bienestar > Poder Natural > Alimentos,
704,Agua Linos Descanso - 200 ml,"Nuestra agua de linos Descanso está enriquecida con aceites esenciales de lavanda, limón y bergamota para traer aromas y experiencias únicas a tus espacios. Por su contenido de aceite esencial de lavanda es ideal para usar en los espacios y llenarlos de tranquilidad, paz, descanso y armonía. Registro Sanitario: NSOH10926-22CO Beneficios 1. No mancha la ropa 2. Contiene aceites esenciales puros Nuestro producto no es testeado en animales",https://www.benet.com.co/agua-linos-descanso-2020873/p?skuId=704,https://cnutresa.vteximg.com.br/arquivos/ids/166685-1000-1500/18.jpg?v=639199166061200000,"https://cnutresa.vteximg.com.br/arquivos/ids/166686-1000-1500/17.jpg?v=639199166061300000,https://cnutresa.vteximg.com.br/arquivos/ids/166687-1000-1500/1000_1-Agua-de-linos-Descanso.jpg?v=639199166061370000,https://cnutresa.vteximg.com.br/arquivos/ids/166688-1000-1500/1000_2-Agua-de-linos-Descanso.jpg?v=639199166061400000",32900 COP,,in stock,new,Haka,704,Bienestar > Poder Natural > Aromaterapia,
9,Capsulas Calcio + Magnesio + Vitamina D3  | Bénet - 30 unidades,"Suplemento en cápsulas para adultos que combina calcio, magnesio y vitamina D3 . Su fórmula integra tres nutrientes clave para el cuidado óseo. Puede integrarse fácilmente a los hábitos cotidianos. RSA: SD2016-0003960",https://www.benet.com.co/calcio-vitaminas-d3-1078795/p?skuId=9,https://cnutresa.vteximg.com.br/arquivos/ids/166751-1000-1500/Capsulas-Calcio---Magnesio---Vitamina-D3.webp?v=639246952176030000,https://cnutresa.vteximg.com.br/arquivos/ids/166752-1000-1500/1078795-7708904877430-Capsulas-Blandas-Calcio.png?v=639202675551730000,32900 COP,,in stock,new,Bénet,9,Bienestar > Nutrición > Vitaminas y minerales,
6,Colágeno + Selenio en gomas frambuesa y fresa | Bénet - 150 gr,"Gomas con colágeno hidrolizado, biotina, selenio y vitaminas para adultos. Su sabor a frambuesa y fresa hace más agradable el cuidado diario. Puede integrarse fácilmente a los hábitos cotidianos.",https://www.benet.com.co/gomas-benet-colageno-2019271/p?skuId=6,https://cnutresa.vteximg.com.br/arquivos/ids/166843-1000-1500/Gomas-Benet-Colageno--Selenio.webp?v=639227411391470000,"https://cnutresa.vteximg.com.br/arquivos/ids/166844-1000-1500/Benet_Beneficios-GomasColageno.jpg?v=639227411391670000,https://cnutresa.vteximg.com.br/arquivos/ids/166845-1000-1500/Gomas-Benet-Colageno--Selenio--.jpg?v=639227411391770000",48901 COP,,in stock,new,Bénet,6,Bienestar > Nutrición > Vitaminas y minerales,
2038716,Ritual Melena de León | Haka - Combo Melena de León,"¡Lleva tu mente al siguiente nivel! Si buscas mejorar tu concentración, retener la información con facilidad, ser más productivo y cuidar tu salud cognitiva a largo plazo, el Ritual Melena de León es el aliado perfecto para tu día a día. Hemos diseñado este ritual para adultos combinando dos formatos que se adaptan a tu rutina: la practicidad de las gomas (potenciadas con Reishi) y el abrazo reconfortante de una taza de cocoa. Dos formatos para adaptar la rutina de enfoque a distintos momentos. Tu ritual de enfoque incluye: 1 Doypack de Cocoa con Melena de León (125 g). 1 Tarro de Gomas de Melena de León con Reishi (48 gomas). ¡Y lo mejor: ahorras un 20% llevando el combo! (El valor indicado es el precio final por el ritual completo).",https://www.benet.com.co/ritual-melena-de-leon/p?skuId=2038716,https://cnutresa.vteximg.com.br/arquivos/ids/166581-1000-1500/Haka_Ritual_melena_de_leon.jpg?v=639184341850530000,,84890 COP,67912 COP,in stock,new,Haka,2038716,Bienestar > Poder Natural,
2038705,Kit Rejuvenecimiento Intensivo | Bénet - Kit Rejuvenecimiento total,Kit para adultos Cápsulas de colágeno con biotina y vitamina C y cápsulas de Vitamina E + Selenio Una combinación práctica para el cuidado diario. Todo en una sola compra. Contiene: 1 frasco de cápsulas de Vitamina E + Selenio 1 tarro de cápsulas de Colágeno Hidrolizado Cómpralos juntos y ahorra!,https://www.benet.com.co/kit-rejuvenecimiento-total/p?skuId=2038705,https://cnutresa.vteximg.com.br/arquivos/ids/166569-1000-1500/Benet_Kit_Colageno-VitaminaE.jpg?v=639178461143930000,,75801 COP,60640 COP,in stock,new,Bénet,2038705,Bienestar > Nutrición,
2038693,Kola Granulada Sabor a Fresa | Bénet - 300g,"Bebida en polvo sabor fresa para preparar con leche . Su combinación de calcio, hierro y vitaminas complementa de forma práctica la alimentación familiar. Una opción familiar para disfrutar todos los días.",https://www.benet.com.co/kola-granulada-benet-1079620/p?skuId=2038693,https://cnutresa.vteximg.com.br/arquivos/ids/166721-1000-1500/Kola-Granulada-Benet-Sabor-a-Fresa.webp?v=639250845543870000,"https://cnutresa.vteximg.com.br/arquivos/ids/166722-1000-1500/1079620-Kola-granulada--Benet-Fresa-BACK-V8.png?v=639202633039570000,https://cnutresa.vteximg.com.br/arquivos/ids/166723-1000-1500/1079620-Kola-granulada--Benet-Fresa-LATERAL-V8.png?v=639202633039600000",18900 COP,,in stock,new,Bénet,2038693,Bienestar > Nutrición > Nutrición Completa,
2015323,Gomas multivitamínicas infantil sin azúcar | Bénet - 150 gr,"¡La nutrición que tus hijos pedirán todos los días! Estas gomas multivitamínicas sin azúcar combinan los ricos sabores a fresa y frambuesa para transformar el cuidado diario en un momento de pura diversión. Diseñadas para acompañar su crecimiento, darles energía y cuidar sus defensas de los 4 a los 14 años. Esta fórmula es excelente fuente de vitaminas A, C, D, E, B1, B3, B5, B6, B12, B9 y minerales como calcio, yodo y zinc.",https://www.benet.com.co/gomas-benet-kids-multivitamico-sin-azucar-2018640/p?skuId=2015323,https://cnutresa.vteximg.com.br/arquivos/ids/166724-1000-1500/Gomas-Multivitaminas-y-Minerales-Ninos.webp?v=639246937413470000,https://cnutresa.vteximg.com.br/arquivos/ids/166725-1000-1500/Gomas-Benet-Kids-Multivitamico-Sin-Azucar--.jpg?v=639202636720300000,44900 COP,,in stock,new,Bénet,2015323,Bienestar > Nutrición > Niños,
2015322,Gomas Vitamina C + Zinc sin azúcar para niños | Bénet - 120 gr,¡Protección diaria que los acompañará en cada aventura! Estas gomas de Vitamina C y Zinc sin azúcar están hechas a la medida de niños de 4 a 14 años. Esta fórmula con sabor natural a naranja es una excelente fuente de vitaminas y minerales para reforzar tu bienestar diario. .,https://www.benet.com.co/gomas-benet-kids-vitaminas-c-sin-azucar-2018639/p?skuId=2015322,https://cnutresa.vteximg.com.br/arquivos/ids/166728-1000-1500/Gomas-Vitamina-C---Zinc-Ninos.webp?v=639246942402870000,https://cnutresa.vteximg.com.br/arquivos/ids/166729-1000-1500/Gomas-Benet-Kids-Vitamina-C---.jpg?v=639202643100000000,44900 COP,,in stock,new,Bénet,2015322,Bienestar > Nutrición > Niños,
2011448,Colágeno Hidrolizado en polvo | Bénet - 18 unidades,"Colágeno hidrolizado en polvo para adultos, presentado en sobres fáciles de preparar. Combina vitaminas A, C, E y B6 con selenio para complementar el cuidado diario. Así acompaña una rutina consciente.",https://www.benet.com.co/colageno-hidrolizado-con-biotina-1059262/p?skuId=2011448,https://cnutresa.vteximg.com.br/arquivos/ids/166757-1000-1500/Colageno-Hidrolizado.webp?v=639250859895470000,"https://cnutresa.vteximg.com.br/arquivos/ids/166758-1000-1500/Colageno-Hidrolizado---Biotina.jpg?v=639202679411200000,https://cnutresa.vteximg.com.br/arquivos/ids/166759-1000-1500/Colageno-Hidrolizado---Biotina--.jpg?v=639202679411270000",45901 COP,,in stock,new,Bénet,2011448,Bienestar > Nutrición > Vitaminas y minerales,
2008567,Complejo B + Vitamina C + Calcio + Zinc en Tabletas | Bénet - 60 unidades,"Fórmula avanzada de Complejo B enriquecida con Vitamina C, Calcio y Zinc. Suplemento en tabletas para adultos con complejo B, vitamina C, calcio y zinc. Una fórmula integral para complementar la nutrición diaria. Su formato práctico simplifica el cuidado nutricional de cada día. Registro Sanitario: SD2021-0001490-R1",https://www.benet.com.co/tabletas-benet-complejo-b-1078796/p?skuId=2008567,https://cnutresa.vteximg.com.br/arquivos/ids/166771-1000-1500/Tabletas-Complejo-B---Vitamina-C---Calcio---Zinc.webp?v=639250877804730000,https://cnutresa.vteximg.com.br/arquivos/ids/166772-1000-1500/Tabletas-Benet-Complejo-B-TN.png?v=639202693164500000,32900 COP,,in stock,new,Bénet,2008567,Bienestar > Nutrición > Vitaminas y minerales,
1053948,Gomas citrato de Magnesio Kids sabor mora | Bénet - 144 gr,"Gomas de citrato de magnesio para niños mayores de 4 años. Su delicioso sabor natural a mora hace que cuidar de su salud sea fácil y divertido. Ideales para favorecer la calma, un descanso reparador y apoyar su desarrollo muscular y nervioso cada día.",https://www.benet.com.co/gomas-citrato-de-magnesio-1080149/p?skuId=1053948,https://cnutresa.vteximg.com.br/arquivos/ids/166323-1000-1500/1080149-7709345210411_Gomas-Citrato-de-Magnesio-Benet-Kids.png?v=639119478332370000,https://cnutresa.vteximg.com.br/arquivos/ids/166324-1000-1500/1080149-7709345210411_Gomas-Citrato-de-Magnesio-Benet-Kids-.png?v=639119478333270000,44900 COP,,in stock,new,Bénet,1053948,Bienestar > Nutrición > Niños,
1053946,Proteína + Colágeno Sabor Frutos Rojos | Bénet - 375 gr,"Proteína en polvo con Whey Protein y péptidos de colágeno para mayores de 13 años. Cada porción aporta 15 gramos de proteína combinados con biotina, vitamina C y selenio para favorecer la recuperación muscular, fortalecer el cabello y promover la firmeza de la piel. La nutrición ideal para rendimiento y cuidado personal en una sola preparación. Registro INVIMA: RSA-0030857-2024",https://www.benet.com.co/proteina-colageno-benet-frutos-rojos-1071401/p?skuId=1053946,https://cnutresa.vteximg.com.br/arquivos/ids/166731-1000-1500/Proteina---Colageno.webp?v=639250842158930000,https://cnutresa.vteximg.com.br/arquivos/ids/166732-1000-1500/1071401-7708662913593_Proteina-Colageno-Benet-Frutos-Rojos-TN.png.png?v=639202656297070000,79901 COP,63920 COP,in stock,new,Bénet,1053946,Bienestar > Nutrición > Proteínas,
1053916,Proteína en Polvo Whey | Bénet - 595 gr,"Proteina Whey en polvo para adultos, 25g con 5g de Colágeno Hidrolizado sabor helado de vainilla. Combina proteína, colágeno, zinc, calcio y vitamina D para complementar una rutina activa. También resulta práctica dentro de rutinas de entrenamiento. Registro INVIMA: RSA-0034523-2024",https://www.benet.com.co/proteina-en-polvo-benet-whey-1079155/p?skuId=1053916,https://cnutresa.vteximg.com.br/arquivos/ids/166747-1000-1500/Proteina-Whey.webp?v=639250981568100000,https://cnutresa.vteximg.com.br/arquivos/ids/166748-1000-1500/1076417-7708662913937_Proteina-en-polvo-Benet-WheyTN.png.png?v=639202672877670000,152901 COP,122320 COP,in stock,new,Bénet,1053916,Bienestar > Nutrición > Proteínas,
1053915,Creatina monohidrato 100 % pura en polvo | Bénet - 300 gr,"Creatina monohidrato en polvo para adultos, ideal para integrar a la rutina de entrenamiento. Su fórmula contiene 100 % creatina monohidrato, es vegana y proporciona 3 g por porción. El frasco de 300 g rinde aproximadamente 100 servicios e incluye cuchara dosificadora. Puedes tomarla antes o después de entrenar para que sea más fácil recordar su consumo diario. Registro sanitario: SD2024-0004727",https://www.benet.com.co/-creatina-monohidrato-benet-1089763/p?skuId=1053915,https://cnutresa.vteximg.com.br/arquivos/ids/166849-1000-1500/Diseno-sin-titulo.png?v=639253360591770000,"https://cnutresa.vteximg.com.br/arquivos/ids/166850-1000-1500/Diseno-sin-titulo--2-.png?v=639253360592100000,https://cnutresa.vteximg.com.br/arquivos/ids/166851-1000-1500/Diseno-sin-titulo--1-.png?v=639253360592130000",85900 COP,68720 COP,in stock,new,Bénet,1053915,Bienestar > Nutrición > Proteínas,
1043487,Proteína con Vitaminas del Complejo B Sabor Vainilla | Bénet - 340 gr,"Proteina Whey en polvo sabor vainilla para mayores de 13 años. Cada porción aporta 15 gramos de proteína de suero de leche de alta calidad y vitaminas del complejo B, la combinación ideal para favorecer la recuperación muscular, mantener la energía diaria y acompañar un estilo de vida activo de forma práctica y deliciosa. Registro INVIMA: RSA-0025824-2023",https://www.benet.com.co/proteina-benet-active-vainilla-1068368/p?skuId=1043487,https://cnutresa.vteximg.com.br/arquivos/ids/166734-1000-1500/Proteina---Complejo-B.webp?v=639250840793900000,https://cnutresa.vteximg.com.br/arquivos/ids/166735-1000-1500/1068368-7708662913180-Proteina-Benet-Active-Vainilla.jpg?v=639202658519870000,79900 COP,,in stock,new,Bénet,1043487,Bienestar > Nutrición > Proteínas,
720,Cápsulas Castaño de Indias - 60 Capsulas,"Coadyudante en el tratamiento sintomático de venas varicosas, insuficiencia venosa crónica de las extremidades inferiores y hemorroides. Cada cáspulas contiene polvo seco de semillas de Castaño de Indias (Aesculus hippocastanum L). Registro Sanitario: PFT2022-0002856 Beneficios 1. Coadyudante en el tratamiento de venas varices 2. Alivia los síntomas de malestar y pesadez de piernas relacionados con alteraciones circulatorias venosas menores Modo de uso: Toma 1 cápsula de nuestras Cápsulas de Castaño de Indias 3 veces en el día. Por su efecto acumulativo se requiere constancia para ver resultados en el tratamiento.",https://www.benet.com.co/capsulas-castano-de-indias-1089250/p?skuId=720,https://cnutresa.vteximg.com.br/arquivos/ids/166661-1000-1500/1-1-.jpg?v=639199160375730000,"https://cnutresa.vteximg.com.br/arquivos/ids/166662-1000-1500/2-1-.jpg?v=639199160375870000,https://cnutresa.vteximg.com.br/arquivos/ids/166663-1000-1500/1000_1-Capsulas-de-Castano-de-Indias.jpg?v=639199160375930000,https://cnutresa.vteximg.com.br/arquivos/ids/166664-1000-1500/1000_2-Capsulas-de-Castano-de-Indias.jpg?v=639199160375970000",34500 COP,,in stock,new,Haka,720,Bienestar > Poder Natural > Medicina Natural,
717,Extracto de Passiflora - 60 ml,"Sedante, coadyuvante en el tratamiento de la ansiedad y trastornos del sueño de origen nervioso. Contiene 200mg de extracto de pasiflora por 1 ml Registro Sanitario: PFT2022-0002857 Beneficios 1. Puede ayudar a conciliar el sueño 2. Puede ayudar a regular la ansiedad y el estrés",https://www.benet.com.co/extracto-de-passiflora-1089229/p?skuId=717,https://cnutresa.vteximg.com.br/arquivos/ids/166596-1000-1500/7702007072655_Extracto-de-Passiflora.jpg?v=639199004817230000,"https://cnutresa.vteximg.com.br/arquivos/ids/166597-1000-1500/10.jpg?v=639199004817500000,https://cnutresa.vteximg.com.br/arquivos/ids/166598-1000-1500/1000_1-Extracto-de-Passiflora.jpg?v=639199004817600000,https://cnutresa.vteximg.com.br/arquivos/ids/166599-1000-1500/1000_2-Extracto-de-Passiflora.jpg?v=639199004817630000",18675 COP,,in stock,new,Haka,717,Bienestar > Poder Natural > Medicina Natural,
715,Crema para Piernas - 200 ml,"Nuestra crema para piernas proporciona una sensación calmante y relajante. Es ideal para piernas y pies cansadas por sus potentes propiedades naturales. Lleva todo el poder natural en sus principios activos: - Extracto de Centella asiática - Extracto de Castaño de Indias - Extracto de Arnica Montana - Aceite esencial de Romero Registro Sanitario: NSOC21470-23CO Beneficios 1. Efecto calmante, ideal para piernas y pies cansados. 2. Ayuda a mejorar la apariencia de la piel.",https://www.benet.com.co/crema-para-piernas-de-centella-asiatica-y-castano-de-indias--2025071/p?skuId=715,https://cnutresa.vteximg.com.br/arquivos/ids/166653-1000-1500/24.jpg?v=639199158216930000,"https://cnutresa.vteximg.com.br/arquivos/ids/166654-1000-1500/23.jpg?v=639199158217070000,https://cnutresa.vteximg.com.br/arquivos/ids/166655-1000-1500/1000_1-Crema-para-piernas-.jpg?v=639199158217130000,https://cnutresa.vteximg.com.br/arquivos/ids/166656-1000-1500/1000_2-Crema-para-piernas-.jpg?v=639199158217170000",28899 COP,,in stock,new,Haka,715,Bienestar > Poder Natural > Medicina Natural,
707,Mezcla de cacao con Melena de León - 120 gr,"Mezcla de cacao 100% natural con Melena de León, vitaminas y minerales Buena fuente de vitamina B5 que contribuye al rendimiento mental Excelente fuente de Zinc que ayuda a la función cognitiva normal 1 cucharada (8g) = 1 porción. 15 porciones Registro Sanitario: RSA-0584-2026",https://www.benet.com.co/mezcla-de-cacao-con-melena-de-leon-1082933/p?skuId=707,https://cnutresa.vteximg.com.br/arquivos/ids/166417-1000-1500/1082933-7702007087260_Mezcla-de-cacao-con-Melena-de-Leon.png?v=639138648042730000,"https://cnutresa.vteximg.com.br/arquivos/ids/166418-1000-1500/1082933-7702007087260_Mezcla-de-cacao-con-Melena-de-Leon-.png?v=639138648043000000,https://cnutresa.vteximg.com.br/arquivos/ids/166419-1000-1500/Haka_Melena_de_Leon_Mezcla-de-cacao_1x1_1080x1080.png?v=639138648043100000",39899 COP,31919 COP,in stock,new,Haka,707,Bienestar > Poder Natural > Alimentos,
5,Gomas Vitamina C + Zinc sabor naranja | Bénet - 150 gr,"Gomas de vitamina C y zinc para adultos, con sabor natural a naranja. Su presentación masticable facilita complementar la rutina diaria. Puede integrarse fácilmente a los hábitos cotidianos.",https://www.benet.com.co/gomas-benet-vitaminas-c-2019270/p?skuId=5,https://cnutresa.vteximg.com.br/arquivos/ids/166840-1000-1500/Gomas-Benet-vitamina-C---Zinc.webp?v=639227411042070000,"https://cnutresa.vteximg.com.br/arquivos/ids/166841-1000-1500/Benet_Beneficios-GomasVitaminaC.jpg?v=639227411042230000,https://cnutresa.vteximg.com.br/arquivos/ids/166842-1000-1500/Gomas-Benet-vitamina-C---Zinc--.jpg?v=639227411042300000",48901 COP,,in stock,new,Bénet,5,Bienestar > Nutrición > Vitaminas y minerales,
2038701,Ritual Días felices,Lleva el ritual y ahorra 15% Una esencia floral para cada emoción. Lleva el ritual y gestiona tus emociones durante el día para que puedas aprovechar cada momento al máximo. El kit contiene: Esencia floral Calma Esencia floral Enfoque Esencia floral Control de Emociones El precio marcado es el precio total del ritual (incluye las 3 esencias florales),https://www.benet.com.co/dias-felices-1/p?skuId=2038701,https://cnutresa.vteximg.com.br/arquivos/ids/166575-1000-1500/Haka_Ritual_Dias-felices.jpg?v=639178463354870000,,62701 COP,49707 COP,in stock,new,Haka,2038701,Bienestar > Poder Natural,
2038698,Ritual de Descanso,Ahorra 20% Un ritual para hacernos conscientes de descansar en un mundo que va a toda velocidad. Contiene: Agua de linos de lavanda Aceite esencial de lavanda 100% Puro El valor es el total a pagar por el ritual completo.,https://www.benet.com.co/ritual-de-descanso/p?skuId=2038698,https://cnutresa.vteximg.com.br/arquivos/ids/166577-1000-1500/Haka_Ritual_Descanso.jpg?v=639178463874700000,,69811 COP,55849 COP,in stock,new,Haka,2038698,Bienestar > Poder Natural,
2015271,Capsulas Multivitamínicas | Bénet - 30 unidades,Multivitamínico en cápsulas blandas formulado para mujeres adultas. Reúne vitaminas y minerales esenciales en una toma práctica al día. Su formato práctico simplifica el cuidado nutricional de cada día. RSA: SD2015-0003618,https://www.benet.com.co/capsulas-benet-multivitaminas-mujer-1080785/p?skuId=2015271,https://cnutresa.vteximg.com.br/arquivos/ids/166749-1000-1500/Capsulas-Benet-Multivitaminas-Mujer.webp?v=639246957513200000,https://cnutresa.vteximg.com.br/arquivos/ids/166750-1000-1500/1080785-7709453859984_Capsulas-Benet-Multivitaminas-Mujer-.png?v=639202674575100000,36900 COP,,in stock,new,Bénet,2015271,Bienestar > Nutrición > Vitaminas y minerales,
1055104,Bebida Lista Bénet Café Cappuccino | Bénet - 3 unidades,"Bebida con proteína lista para consumir , sabor café cappuccino, para mayores de 13 años. Combina proteína y vitaminas del complejo B en un formato fácil de llevar. También resulta práctica durante jornadas activas. RSA: 0022875-2022",https://www.benet.com.co/bebida-lista-benet-cafe-cappuccino-1065136/p?skuId=1055104,https://cnutresa.vteximg.com.br/arquivos/ids/166730-1000-1500/Bebida-Lista-Benet-Cafe-Cappuccino.webp?v=639256259714800000,,30900 COP,,in stock,new,Bénet,1055104,Bienestar > Nutrición > Proteínas,
721,Cápsulas de Arándanos - 60 Capsulas,Uso terapéutico: Coadyudante en el manejo de las recidivas de infecciones urinarias. Cada cápsula contiene extracto seco del fruto del Arándano. (Vaccinium Macrocarpon Aiton) Equivalente a 35 mg de Antocianidinas. Registro Sanitario: PFT2023-0002875 Beneficios Coadyudante en el manejo de las recidivas de infecciones urinarias.,https://www.benet.com.co/capsulas-de-arandanos-1064569/p?skuId=721,https://cnutresa.vteximg.com.br/arquivos/ids/166669-1000-1500/3.jpg?v=639199161839830000,"https://cnutresa.vteximg.com.br/arquivos/ids/166670-1000-1500/4.jpg?v=639199161840370000,https://cnutresa.vteximg.com.br/arquivos/ids/166671-1000-1500/1000_1-Capsulas-de-Arandanos.jpg?v=639199161840430000,https://cnutresa.vteximg.com.br/arquivos/ids/166672-1000-1500/1000_2-Capsulas-de-Arandanos.jpg?v=639199161840970000",37900 COP,,in stock,new,Haka,721,Bienestar > Poder Natural > Medicina Natural,
705,Agua Linos Aire Puro - 200 ml,"Nuestra agua de linos Aire Puro está enriquecida con aceites esenciales de eucalipto, menta y lavanda a para traer aromas y experiencias únicas a tus espacios. Por su contenido de aceite esencial de eucalipto es ideal para que los espacios se sientan frescos y ambientados. Registro Sanitario: NSOH10926-22CO Beneficios 1. No mancha la ropa 2. Contiene aceites esenciales puros Nuestro producto no es testeado en animales",https://www.benet.com.co/agua-linos-aire-puro-2020874/p?skuId=705,https://cnutresa.vteximg.com.br/arquivos/ids/166693-1000-1500/20.jpg?v=639199170324330000,"https://cnutresa.vteximg.com.br/arquivos/ids/166694-1000-1500/19.jpg?v=639199170324730000,https://cnutresa.vteximg.com.br/arquivos/ids/166695-1000-1500/1000_1-Agua-de-linos-Aire-Puro.jpg?v=639199170324930000,https://cnutresa.vteximg.com.br/arquivos/ids/166696-1000-1500/1000_2-Agua-de-linos-Aire-Puro.jpg?v=639199170325000000",32900 COP,,in stock,new,Haka,705,Bienestar > Poder Natural > Aromaterapia,
698,Esencia Floral Rescate - 30 ml,"Nuestra esencia floral Rescate es una mezcla de las flores: clematis, impaciencia, Cherry Plum, entre otras. Es ideal para encontrar armonía en situaciones difíciles y de crisis. Por su composición es ideal para aliviar las emociones y pensamientos negativos que vienen después de una pérdida o una situación difícil. Ayuda a disipar la ansiedad, el miedo y la tensión acumulada, permitiendo que la mente y el cuerpo se relajen",https://www.benet.com.co/esencia-floral-rescate-2020825/p?skuId=698,https://cnutresa.vteximg.com.br/arquivos/ids/166606-1000-1500/30.jpg?v=639199024196930000,"https://cnutresa.vteximg.com.br/arquivos/ids/166607-1000-1500/29.jpg?v=639199024197100000,https://cnutresa.vteximg.com.br/arquivos/ids/166608-1000-1500/1000_1-Esencia-floral-Rescate.jpg?v=639199024197200000,https://cnutresa.vteximg.com.br/arquivos/ids/166609-1000-1500/1000_2-Esencia-floral-Rescate.jpg?v=639199024197230000",20900 COP,,in stock,new,Haka,698,Bienestar > Poder Natural > Esencias florales,
372,Gomas Omega 3 + Zinc sabor limón y manzana | Bénet - 100  gr,"Fortalece tus defensas y cuida tu corazón con estas gomas de Omega 3 y Zinc para adultos. Con sabor natural a limón y manzana, son la opción ideal para integrar el cuidado de tu salud a tu rutina diaria",https://www.benet.com.co/gomas-omega-3-benet-2023030/p?skuId=372,https://cnutresa.vteximg.com.br/arquivos/ids/164774-1000-1500/Gomas-Omega-3-Benet.png.png?v=638786005247930000,https://cnutresa.vteximg.com.br/arquivos/ids/164775-1000-1500/Gomas-Omega-3-Benet-TN.png.png?v=638786005248100000,48901 COP,,in stock,new,Bénet,372,Bienestar > Nutrición > Vitaminas y minerales,
370,Alimento en Polvo Extracontenido Vainilla | Bénet - 400 gr,"Alimento en polvo sabor vainilla para adultos y para la familia. Combina proteína, fibra, vitaminas y minerales en una bebida fácil de preparar. Su formato práctico simplifica la nutrición de toda la familia.",https://www.benet.com.co/bebida-benet-vainilla-ahorrapack-1068451/p?skuId=370,https://cnutresa.vteximg.com.br/arquivos/ids/163624-1000-1500/7708662913456_Alimento-en-polvo-Nutricional--Sin-Azucar.jpg?v=638526020586800000,https://cnutresa.vteximg.com.br/arquivos/ids/163625-1000-1500/7708662913456-Alimento-en-polvo-Nutricional--Sin-Azucar.jpg?v=639071270447770000,62900 COP,,in stock,new,Bénet,370,Bienestar > Nutrición > Nutrición Completa,
10,Tabletas Vitamina D3 | Bénet - 60 unidades,Suplemento masticable de vitamina D3 para adultos. Su sabor a frutos rojos ofrece una forma sencilla de acompañar el cuidado óseo y las defensas. Así acompaña una rutina consciente. Registro Sanitario : SD2021-0004611,https://www.benet.com.co/tabletas-benet-vitaminas-d3-2019773/p?skuId=10,https://cnutresa.vteximg.com.br/arquivos/ids/166773-1000-1500/Tabletas-Vitamina-D3.webp?v=639256249688000000,https://cnutresa.vteximg.com.br/arquivos/ids/166774-1000-1500/Tableta-Benet-Vitamina-D3--.jpg?v=639202693650230000,32900 COP,,in stock,new,Bénet,10,Bienestar > Nutrición > Vitaminas y minerales,
2038715,Vive Armonia,"Vive Armonía es una invitación a conectar con tus emociones y transformar la atmósfera de tus espacios a través del poder de la aromaterapia. Diseñado para acompañar tus diferentes estados de ánimo, este trío de aguas de linos ha sido formulado para rociar sobre tus sábanas, almohadas, cortinas, ropa o directamente en el ambiente, creando un refugio de bienestar en tu día a día. Contiene: 1 Agua Linos Descanso 200 ml 1 Agua Linos Aire Puro 200 ml 1 Agua Linos Felicidad 200 ml",https://www.benet.com.co/vive-armonia/p?skuId=2038715,https://cnutresa.vteximg.com.br/arquivos/ids/166580-1000-1500/Haka_Ritual_Vive_armonia.jpg?v=639184337307430000,,98700 COP,78960 COP,in stock,new,Haka,2038715,Bienestar > Poder Natural,
2038713,Kit Tu Mejor Versión | Bénet,"¡El dúo dinámico que tu cuerpo y tu piel estaban esperando! Diseñado especialmente para la mujer moderna, activa y consciente de su salud, este kit combina la ciencia de la nutrición diaria con el secreto de la eterna juventud. Es la rutina simplificada de dos pasos para cuidarte de adentro hacia afuera, llenarte de energía y potenciar tu belleza natural. Este combo contiene: 1 Proteína + Colágeno Frutos Rojos 375 gr 1 Cápsulas Benét Multivitaminas Mujer 30 unidades",https://www.benet.com.co/kit-tu-mejor-version/p?skuId=2038713,https://cnutresa.vteximg.com.br/arquivos/ids/166582-1000-1500/Benet_Kit_Tu-mejor-version-1-.jpg?v=639185965712700000,,116800 COP,93440 COP,in stock,new,Bénet,2038713,Bienestar > Nutrición,
2038706,Kit Huesos fuertes | Bénet,"Kit para adultos diseñados para complementar el cuidado y soporte de la salud ósea . Combina la nutrición de las Cápsulas de Calcio con las Tabletas de Vitamina D3, ofreciendo una solución práctica para acompañar tu bienestar diario. Consulta la composición y el modo de uso de cada referencia en su empaque. Este kit incluye: Cápsulas de Calcio Tabletas de Vitamina D3",https://www.benet.com.co/kit-huesos-fuertes/p?skuId=2038706,https://cnutresa.vteximg.com.br/arquivos/ids/166571-1000-1500/Benet_Kit_Huesos-Fuertes.jpg?v=639178461736800000,,65800 COP,52640 COP,in stock,new,Bénet,2038706,Bienestar > Nutrición,
1055105,Proteina liquida Bénet Active Vainilla Banano | ´Bénet - 3 unidades,"Bebida proteica lista para consumir sabor vainilla banano para mayores de 13 años. Aporta 15 gramos de proteína por porción y está enriquecida con vitaminas del complejo B para apoyar el rendimiento muscular, combatir la fatiga y mantener tu energía alta en cualquier momento. La opción ideal para llevar tu nutrición a todas partes sin perder tiempo preparando batidos.",https://www.benet.com.co/proteina-liquida-benet-active-vainilla-banano-1065135/p?skuId=1055105,https://cnutresa.vteximg.com.br/arquivos/ids/166738-1000-1500/Proteina-liquida-Benet-Active-Vainilla-Banano.webp?v=639256266530170000,,30900 COP,,in stock,new,Bénet,1055105,Bienestar > Nutrición > Proteínas,
1053251,Proteína Líquida Frutos Rojos | Bénet - 250 ml,"Bebida proteica lista para consumir, sabor frutos rojos , para mayores de 13 años. Su formato práctico facilita llevar proteína y vitaminas complejo B a cualquier lugar. También resulta práctica durante jornadas activas.",https://www.benet.com.co/bebida-lista-benet-frutos-rojos-1064827/p?skuId=1053251,https://cnutresa.vteximg.com.br/arquivos/ids/166740-1000-1500/Proteina-Liquida-Frutos-Rojos.webp?v=639256267985300000,https://cnutresa.vteximg.com.br/arquivos/ids/166741-1000-1500/Proteina-liquida-Benet-Active-Frutos-Rojos--.jpg?v=639202665542700000,10800 COP,,in stock,new,Bénet,1053251,Bienestar > Nutrición > Proteínas,
723,Esencia Floral Calma - 30 ml,Nuestra esencia floral Calma es una mezcla de las flores: mímulo y manzanilla. Es ideal para encontrar serenidad en momentos de estrés. Ofrece una terapia enegetica ideal para mejorar el estado de ánimo en momentos difíciles.,https://www.benet.com.co/esencia-floral-calma-2020824/p?skuId=723,https://cnutresa.vteximg.com.br/arquivos/ids/166645-1000-1500/26.jpg?v=639199156643670000,"https://cnutresa.vteximg.com.br/arquivos/ids/166646-1000-1500/25.jpg?v=639199156643870000,https://cnutresa.vteximg.com.br/arquivos/ids/166647-1000-1500/1000_1-Esencia-floral-Calma.jpg?v=639199156644000000,https://cnutresa.vteximg.com.br/arquivos/ids/166648-1000-1500/1000_2-Esencia-floral-Calma.jpg?v=639199156644030000",20900 COP,,in stock,new,Haka,723,Bienestar > Poder Natural > Esencias florales,
714,Esencia Floral Control de Emociones - 30 ml,"Nuestra esencia floral Control de Emociones es una mezcla de las flores: Impaciencia y patiens. Ideal para favorecer el equilibro emocional y del estado de ánimo. Neutraliza la emociones negativas, promoviendo el buen estado de ánimo. Ayuda a combatir la irritabilidad y los altibajos emocionales.",https://www.benet.com.co/esencia-floral-control-de-emociones-2024665/p?skuId=714,https://cnutresa.vteximg.com.br/arquivos/ids/166637-1000-1500/28.jpg?v=639199155254670000,"https://cnutresa.vteximg.com.br/arquivos/ids/166638-1000-1500/1000_1-Esencia-floral-Control-de-Emociones.jpg?v=639199155255370000,https://cnutresa.vteximg.com.br/arquivos/ids/166639-1000-1500/1000_2-Esencia-floral-Control-de-Emociones.jpg?v=639199155255600000,https://cnutresa.vteximg.com.br/arquivos/ids/166640-1000-1500/1000_3-Esencia-floral-Control-de-Emociones.jpg?v=639199155255700000",20900 COP,,in stock,new,Haka,714,Bienestar > Poder Natural > Esencias florales,
712,Esencia Floral Enfoque - 30 ml,"Nuestra esencia floral Enfoque es una mezcla de las flores: white chestnut, Isopogón, Sundew, entre otras. Ideal para favorecer la claridad mental y la concentración. Por su composición, es ideal para enfocarse en las actividades que se realizan durante el día para vivirlas de una manera consciente y presente.",https://www.benet.com.co/esencia-floral-enfoque-2024663/p?skuId=712,https://cnutresa.vteximg.com.br/arquivos/ids/166622-1000-1500/32.jpg?v=639199034264500000,"https://cnutresa.vteximg.com.br/arquivos/ids/166623-1000-1500/32 -1-.jpg?v=639199034264700000,https://cnutresa.vteximg.com.br/arquivos/ids/166624-1000-1500/1000_2-Esencia-floral-Enfoque.jpg?v=639199034264830000,https://cnutresa.vteximg.com.br/arquivos/ids/166625-1000-1500/1000_3-Esencia-floral-Enfoque.jpg?v=639199034264900000",20900 COP,,in stock,new,Haka,712,Bienestar > Poder Natural > Esencias florales,
710,Aceite Esencial de Eucalipto - 10 ml,"Nuestro aceite esencial de eucalipto es 100% puro. Es especial por su uso en aromaterapia aplicado directamente sobre la piel o en difusor o pebetero. El aroma del aceite esencial de eucalipto brinda un efecto refrescante y sensación de aire puro y te ayuda a enfocarte en las actividades del día a día. Beneficios 1. Efecto refrescante 2. Sensación de aire puro. Modo de uso: 1. Agrega 5 gotas del aceite en agua tibia y haz paños húmedos sobre la piel para una sensación relajante. 2. Agrega 5 o 6 gotas a tu difusor e inhala su aroma 3. Agrega 3 a gotas sobre tu vela, preferiblemente de cera vegetal y respira para sentir un aroma refrescante",https://www.benet.com.co/aceite-esencial-de-eucalipto-1065842/p?skuId=710,https://cnutresa.vteximg.com.br/arquivos/ids/164720-1000-1500/Aceite-Esencial-de-Eucalipto.png.png?v=638875891090530000,"https://cnutresa.vteximg.com.br/arquivos/ids/165483-1000-1500/1000_1-Aceite-Esencial-de-Eucalipto.jpg?v=639068930521900000,https://cnutresa.vteximg.com.br/arquivos/ids/165484-1000-1500/1000_2-Aceite-Esencial-de-Eucalipto.jpg?v=639068930522270000,https://cnutresa.vteximg.com.br/arquivos/ids/165485-1000-1500/1000_3-Aceite-Esencial-de-Eucalipto.jpg?v=639068930522300000",36900 COP,,in stock,new,Haka,710,Bienestar > Poder Natural > Aromaterapia,
706,Agua Linos Felicidad - 200 ml,"Nuestra agua de linos Felicidad está enriquecida con aceites esenciales de Bergamota, Té Verde y Lavanda a para traer aromas y experiencias únicas a tus espacios. Por su contenido de aceite esencial de bergamota es ideal para que los espacios se sientan renovados y vitales. Registro Sanitario: NSOH10926-22CO Beneficios 1. No mancha la ropa 2. Contiene aceites esenciales puros Nuestro producto no es testeado en animales",https://www.benet.com.co/agua-linos-felicidad-2020875/p?skuId=706,https://cnutresa.vteximg.com.br/arquivos/ids/166677-1000-1500/22.jpg?v=639199163921900000,"https://cnutresa.vteximg.com.br/arquivos/ids/166678-1000-1500/21.jpg?v=639199163922030000,https://cnutresa.vteximg.com.br/arquivos/ids/166679-1000-1500/1000_1-Agua-de-linos-Felicidad.jpg?v=639199163922770000,https://cnutresa.vteximg.com.br/arquivos/ids/166680-1000-1500/1000_2-Agua-de-linos-Felicidad.jpg?v=639199163923470000",32900 COP,,in stock,new,Haka,706,Bienestar > Poder Natural > Aromaterapia,
700,Aceite Esencial de Lavanda - 10 ml,"Nuestro aceite esencial de lavanda es 100% puro. Es especial por su uso en aromaterapia aplicado directamente sobre la piel o en difusor o pebetero. El aceite esencial de lavanda es ideal para ayudar a relajar y descansar. Se aplica de manera tópica en las sienes, detrás de las orejas, pecho, muñecas y cuello. Beneficios 1. Su aroma da sensación de tranquilidad y serenidad. 2. Ayuda a dormir y descansar mejor. 3. Efecto calmante y relajante. Modo de uso: 1. Aplica de manera tópica de 3 a 6 gotas en las sienes, detrás de las orejas, pecho, muñecas y cuello. 2. Agrega 5 o 6 gotas a tu difusor e inhala su aroma 3. Agrega 3 a gotas sobre tu vela, preferiblemente de cera vegetal y respira para sentir su aroma relajante",https://www.benet.com.co/aceite-esencial-de-lavanda-1065840/p?skuId=700,https://cnutresa.vteximg.com.br/arquivos/ids/164722-1000-1500/Aceite-Esencial-de-Lavanda.png.png?v=638875889849800000,"https://cnutresa.vteximg.com.br/arquivos/ids/165478-1000-1500/1000_1-Aceite-Esencial-de-Lavanda.jpg?v=639068930622400000,https://cnutresa.vteximg.com.br/arquivos/ids/165479-1000-1500/1000_2-Aceite-Esencial-de-Lavanda.jpg?v=639068930622400000,https://cnutresa.vteximg.com.br/arquivos/ids/165480-1000-1500/1000_3-Aceite-Esencial-de-Lavanda.jpg?v=639068930622430000",36900 COP,,in stock,new,Haka,700,Bienestar > Poder Natural > Aromaterapia,
46,Proteína con Vitaminas de Complejo B Sabor Café Cappuccino | Bénet - 340  gr,"Proteína en polvo sabor café cappuccino para mayores de 13 años. Combina proteína y vitaminas del complejo B en una fórmula fácil de preparar y 100% libre de cafeína. La opción perfecta para nutrir tus músculos, apoyar tu energía y acompañarte en jornadas activas o exigentes con todo el sabor del cappuccino a cualquier hora del día.",https://www.benet.com.co/proteina-en-polvo-benet-cafe-cappuccino-1068387/p?skuId=46,https://cnutresa.vteximg.com.br/arquivos/ids/166733-1000-1500/Proteina---Complejo-B-Cafe-c.webp?v=639250893363730000,,79900 COP,,in stock,new,Bénet,46,Bienestar > Nutrición > Proteínas,
16,Proteina liquida Bénet Frutos Rojos |Bénet - 750  gr,"Bebida con proteína lista para consumir , sabor frutos rojos, para mayores de 13 años. Su formato práctico facilita llevar proteína y sus vitaminas a cualquier lugar. También resulta práctica durante jornadas activas. RSA: 0022875-2022",https://www.benet.com.co/bebida-lista-benet-frutos-rojos-1065126/p?skuId=16,https://cnutresa.vteximg.com.br/arquivos/ids/166739-1000-1500/Proteina-liquida-Benet-Frutos-Rojos.webp?v=639250984259230000,,30900 COP,,in stock,new,Bénet,16,Bienestar > Nutrición > Proteínas,
